id,name,category,brand,color,style,width_mm,depth_mm,height_mm
B07CTPR73M,"Stone & Beam Stone Brown Swatch, 25020039-01",sofa,Stone & Beam,Stone Brown,,,,
B072ZLCB3M,"Amazon Brand – Rivet Bristol Natural Edge Black Metal Side Table, Walnut",table,Rivet,Brown,Organic modern,462,480,480
B07TMH6289,"AmazonBasics LeatherSoft Kids/Youth Recliner with Armrest Storage, 5+ Age Group, Light Blue",chair,AmazonBasics,Light Blue,,701,681,701
B075X4QMW7,"Amazon Brand – Rivet Eva Mid-Century Modern Tufted Velvet Down-Filled Sectional Sofa Couch, 87""W, Navy",sofa,Rivet,Navy,,2210,895,768
B07F2X8K62,"Amazon Brand – Ravenna Home Radford Modern Curved Arm Accent Chair, 28.15""W",chair,Ravenna Home,,,,,
B075NR8HWJ,Amazon Brand Movian Dofsan Chair 100 x 93 x 86 cm Grey,chair,Movian,Grau,Chair,930,1000,860
B07B4SCB6T,"Stone & Beam Tisbury Nailhead Trim Queen Bed, 66""W, Spinnsol Cocoa",bed,Stone & Beam,Spinnsol Cocoa,beds,2337,1676,1422
B07CVFV3J6,Stone & Beam Javier Burnished Bronze Bed,bed,Stone & Beam,,,,,
B075WYYHXT,"Rivet Navy Swatch, 25010043 Azul Mochila",bench,Rivet,Marino,,,,
B075X61WKJ,"Amazon Brand – Stone & Beam Norah Leather and Wood Round Ottoman, 39.5"", Saddle Brown",ottoman,Stone & Beam,Chaps Saddle,,1003,1003,438
B07DBFT2YG,"Amazon Brand – Ravenna Home Angela Modern Turned Leg Wood Shelf Storage Coffee Table, 44""W, Grey",table,Ravenna Home,Grey,Bold eclectic,1118,559,508
B075WX8GBL,25010030 Nietenmuster Hellblau,chair,Rivet,Hellblau,,,,
B07G2H3L4L,ROSSINI CANOVA 3 SEATER MAXI,sofa,ROSSINI,Grey,,2330,1020,930
B083H3WMT3,AmazonBasics Classic Faux Leather Extra Padded Recliner Chair - Brown (Renewed),chair,AmazonBasics,Brown,,950,831,980
B07CSYLG4J,"Stone & Beam - Reloj de Pulsera, Color marrón, Piedra y Haz",chair,Stone & Beam,Marrón,,,,
B07KR9WBN7,"Cream Swatch, Ravenna Home",chair,Ravenna Home,Cream,Woven Fabric,,,
B08CD2924F,"Amazon Brand – Rivet Madison Modern Fabric Round Lift-Top Storage Tray Ottoman Pouf, 19.7""W, Marshmallow (Renewed)",ottoman,Rivet,Marshmallow,,500,500,409
B07B3XXD3P,"Vida Designs Corona Wardrobe, 3 Door, Solid Pine Wood, Solid Pine Wood, Distressed Waxed Pine Bedroom Wooden Storage Mexican Furniture",cabinet,Vida Designs,Black,3 Door Wardrobe,1500,500,1780
B07VSV4783,"Amazon Brand - Movian Ribe - Divano a 3 posti, 92 x 200 x 85 cm (Lu x La x A), verde scuro",sofa,Movian,Verde Scuro,Divano a 3 posti,2000,920,850
B07DBHCKHY,"Amazon Brand – Ravenna Home Tufted Armless English Roll Traditional Accent Chair, 26.8""W, Merlot Red",chair,Ravenna Home,Merlot,Glam,681,640,780
B07NR2M291,"AmazonBasics Fauteuil de bureau et de gaming, style course, gris",chair,AmazonBasics,Gris / Noir,Tissu,730,550,1260
B082VLYQWX,"Amazon Brand – Stone & Beam Westview Extra-Deep Down-Filled Leather Sofa Couch, 89""W, Dark Grey",sofa,Stone & Beam,Dark Grey,,1070,2260,800
B07SMJY29H,"Marchio Amazon - Alkove Hayes - Tavolo da pranzo fisso classico, 130 x 90 x 77 cm, quercia silvestre",table,Alkove,Quercia Selvatica,Moderno,900,1300,770
B07P5LLX43,"Amazon Brand – Stone & Beam Lauren Down Filled Oversized Ottoman with Hardwood Frame, 46.5""W, Chocolate",ottoman,Stone & Beam,Chocolate,,1200,120,480
B0792PHPPH,"Amazon Brand – Stone & Beam Janelle Button Tufted Round Leather Wheeled Ottoman, 37""W",ottoman,Stone & Beam,,,,,
B07SHYWXZ8,Alkov modulär Stol (70 x 93) Turkos,sofa,Alkove,Turkos,Stol (70 x 93),930,700,330
B082X3MMFS,AmazonCommercial Silla ejecutiva ergonómica de Piel con Respaldo Alto con Brazos abatibles y Apoyo Lumbar (renovado),chair,AmazonCommercial,Negro,Ejecutivo,724,787,1137
B07P6JV16D,"Amazon Brand – Rivet Emerly Modern Sofa, 83.5""W, Steel Grey",sofa,Rivet,Steel,,889,2121,864
B07HPQ7HB5,"Amazon Brand - Alkove Elvas Hand-Crafted Leather Sofa, 2 Seater Maxi, 102 x 193 x 93cm, Taupe",sofa,Alkove,Ecru,Modern,1930,1020,930
B07KR89SZ1,"Arrow Swatch, Ravenna Home",chair,Ravenna Home,Arrow,Arrow,,,
B071PDYKYB,"Amazon Brand – Stone & Beam Lummi Modern Armless Living Room Accent Chair, 21.6"" W, Shell",chair,Stone & Beam,Shell,Transitional,759,551,831
B07QC85X9C,"Amazon Brand – Ravenna Home Springdale Modern Bookcase with Decorative Open Sides, 30""W, White",desk,Ravenna Home,White,Bookcase,342,762,1829
B07CB54MM3,"Amazon Brand – Stone & Beam Bradbury Chesterfield Tufted Sofa Couch, 92.9""W, Warm Grey",sofa,Stone & Beam,Warm Grey,Transitional,978,2146,902
B07B4W5V3C,"Amazon Brand – Stone & Beam Tisbury Nailhead Trim Queen Bed, 66""W, Curious Pearl",bed,Stone & Beam,Curious Pearl,beds,2337,1676,1422
B00GBUJF3G,Strathwood All-Weather Wicker Deep Seating Outdoor Recliner,chair,Strathwood by Amazon.com,,,670,920,980
B07RHBHNC7,Amazon Brand - Solimo Mars Engineered Wood Bedside Table with drawer (Wenge Finish),table,Amazon Brand - Solimo,Brown,Contemporary,360,430,465
B07TJVTZRF,"Amazon Brand - Movian Arendsee - Sedia da scrivania, 55 x 55 x 93 cm, bianco",chair,Movian,Bianco,Sedia da scrivania,485,560,930
B082Q9C9YJ,"Amazon Brand – Stone & Beam Troy Upholstered Sofa Couch, 80""W, Ash Gray",sofa,Stone & Beam,Ash Gray,Sofa,2032,914,864
B07TZ9BMJG,Iris Shelf Unit,shelf,Movian,bruin,2 planken.,147,290,594
B07HSKY87X,"Amazon Brand – Rivet Modern End Table, 19.3 Inch Width, Natural and Gold",table,Rivet,,0,526,582,706
B07JGPK68C,"Marchio Amazon - Movian, credenza a 2 sportelli e 2 cassetti modello Lek, 100 x 119 x 40 cm, colore bianco",cabinet,Movian,Bianco,credenza a 2 sportelli e 2 cassetti,400,1000,1190
B07SJ75Y1M,"Amazon Brand - Alkove Hayes Classic Fixed Solid Wood Dining Table, Seats 4-6, 130 x 90 x 75cm, Wild Oak",table,Alkove,Wild Oak,Modern,900,1300,750
B075NP5K3L,"Amazon Brand Movian Blankan 3 Seater Sofa, 228 x 87 x 78 cm, Light Grey",sofa,Movian,lichtgrijs,3-zitsbank.,870,2280,780
B082JH6LSF,"Amazon Brand – Stone & Beam Mid-Century 2-Drawer File Cabinet, 21.7""W, Pine Finish",cabinet,Stone & Beam,Brown,Firm,391,551,599
B001BQ1Q9G,"Pinzon Kinzie Leather Dining Chair, Cream",chair,Pinzon by Amazon,Cream,,,,
B0728NWFGY,"Amazon Brand – Rivet Madison Modern Round Lift-Top Storage Tray Ottoman Pouf, 19.7""W, Caviar",ottoman,Rivet,Caviar,,500,500,419
B07K4QZTNH,Banco de parque,bench,Amazon Basics,,PARK BENCH,800,1260,579
B07MM5H3HX,"Ravenna Home Classic Plank-Top Console Table with Large Drawer, 42""W, Black Wood",table,Ravenna Home,,,1067,406,762
B07HYY8ZGY,"Amazon Brand – Stone & Beam Westcott Contemporary 93"" Sofa, Fabric, 93""W, Haze",sofa,Stone & Beam,Haze,Transitional,838,965,2413
B084T9X9NN,"Amazon Brand – Ravenna Home Modern Farmhouse Coffee Table, 40""W, Antique Gray Pine",table,Ravenna Home,Antique Gray,Coffee Table,559,1016,457
B07K35ZXB6,"Yellow Swatch, Stone & Beam",chair,Stone & Beam,Yellow,Linen,,,
B002KMI990,Strathwood Garden Furniture - Padre All-Weather Wicker  / Poly Rattan 48-Inch / 122 cm Round Dining Table,table,Strathwood,,,0,0,0
B07QFRSLZB,"Amazon Brand – Rivet Contemporary Channel-Back Dining Chair, 35""H, Ivory, Set of 2",chair,Rivet,Ivory,,610,480,900
B075YZ16V7,"Amazon Brand – Rivet Mid-Century Stark 6-Drawer Dresser, 61""W, Warm Espresso",dresser,Rivet,Brown,Dresser,1549,457,813
B000S1DKLW,"Strathwood Grosse Pointe Leather Loveseat, Mahogany",sofa,Strathwood by Amazon.com,Mahogony,,889,1651,940
B07QJXW4VD,"Amazon Brand – Rivet Damien Mid-Century Modern Channel-Backed Sofa, 87""W, Leather, Cognac",ottoman,Rivet,Cognac,,960,2210,820
B07QTD9VPM,"Amazon Brand - Movian Arendsee Set of 2 Dining Chairs, 55 x 48.5 x 85 cm, Light grey",chair,Movian,Light Grey,Set of 2 Bar Stools,485,550,850
B07BWK7JWZ,"Amazon Brand – Rivet Edgewest Modern Right-Facing L-Shape Sectional, Leather, 116""W, Saddle",sofa,Rivet,Saddle,Industrial,914,2235,711
B07TJSVJ4B,AmazonBasics Fauteuil pivotant à Dossier Haut avec PU nervuré Puresoft Noir,chair,AmazonBasics,Noir,Executive,667,679,1149
B07JY3NNPK,"Amazon Brand – Stone & Beam Pinebrook Traditional Recliner, Fabric, 39""W, Stone",chair,Stone & Beam,Stone,,991,914,1041
B082BL4G1J,"Amazon Brand – Rivet Bertha Mid-Century Velvet-Upholstered Swivel Office Chair, 25.25""W, Olive Green with Gold Finish",chair,Rivet,Olive Green,,641,635,908
B07SS974PZ,"AmazonBasics - Pouf ottomano con rivestimento in maglia e interno in schiuma, Blu",ottoman,AmazonBasics,Blu Navy,,410,410,270
B07KR9GKL1,"Ivory Swatch, Ravenna Home",chair,Ravenna Home,Ivory,Ivory Cotton,,,
B07K6S2G6J,"Amazon Brand - Movian Mjøsa - Compact Desk with 1 Drawer, 79 x 44 x 76 cm, High-Gloss White",desk,Movian,Hoogglans wit,Modern,440,790,760
B07H8TNM7H,"Marca Amazon - Movian Lahn - Armario de 2 puertas correderas con espejo y luces LED, 250 x 218 x 65 cm (blanco alpino/blanco brillante)",dresser,Movian,Blanco Alpino/Blanco Brillante,Armario con LED 250cm,650,2500,2180
B07WL2VHTG,"Marque Amazon - Rivet Table d'appoint ronde, 50 x 50 cm, Finition orme",table,Rivet,Brown,table d'appoint,500,500,500
B07QD6V1VT,"Amazon Brand – Rivet Classic Desk, 39.4""W, Dark Espresso",desk,Rivet,Dark Espresso,,549,1001,762
B07H8PS46Q,Film Elsa Utdragbart matbord 160–200 cm 160-200 cm Canyon-ek,table,Movian,Canyon-ek,Utdragbart matbord 160–200 cm,900,2000,790
B07SLF6QNG,"Marchio Amazon - Alkove Hayes - Panca angolare, finta pelle, 185,4 x 155,4 x 55,5 cm, faggio",bench,Alkove,Faggio,Modern,1554,1854,555
B075Z8769G,"Amazon Brand – Rivet Mid-Century Swope Curved Arm Swivel Office Chair, 26""W, Felt Grey",chair,Rivet,Grey,,660,630,861
B015IPNVFW,"Solutions 14840 203 Revolving Door Wardrobe with 6 Doors, Arctic White/Front Varnished White with Three Schubkästen",cabinet,Solutions,White,,3000,580,2360
B07MF1SRH5,"Amazon Brand – Ravenna Home Damask-Pattern Ceramic Garden Stool or Side Table, 16""H, Off-White",table,Ravenna Home,Off White,Damask Pattern,330,330,400
B07B4ZFD1C,"Amazon Brand – Stone & Beam Prudence Tufted King Bed, 84""W, Curious Charcoal",bed,Stone & Beam,Curious Charcoal,beds,2337,2134,1422
B07MBFDHRY,"Amazon Brand – Ravenna Home Clover-Pattern Ceramic Garden Stool or Side Table, 16""H, Grey",table,Ravenna Home,Grey,Clover Pattern,330,330,406
B07B4MF6YH,"Amazon Brand – Stone & Beam Andover Modern Rectangle Ottoman, 32""W, Tan",ottoman,Stone & Beam,Tan,,610,889,711
B07SJ7S29M,"Marque Amazon - Alkove Hayes - Lot de 2 chaises de salle à manger, 47 x 45,4 x 92 cm, C-ur de hêtre",chair,Alkove,Cœur de Hêtre,Moderne,454,470,920
B07P5LN16X,"Amazon Brand – Rivet Sloane Modern Leather Loveseat with Tufted Back, 64.2""W, Caramel",sofa,Rivet,Caramel,Mid-Century modern,909,1631,841
B0888M8SYP,Amazon Basics - Silla de Oficina Estilo Carrera/Juego,chair,Amazon Basics,Rojo,classical,574,640,1120
B0728NW87S,Urban Living AMZ420099BLANCO Linon Living Room Chair,chair,Urban Living,Gray,,724,724,597
B07B4M364Y,"Amazon Brand – Stone & Beam Appleton Farmhouse Recliner, 35""W, Khaki",chair,Stone & Beam,Khaki,,1118,965,1092
B000HBVO5W,"Strathwood Naples Sling Arm Chair, Set of 2",chair,Strathwood by Amazon.com,,,,,
B07WJ58GDB,Amazon Brand - Solimo Diner Fabric 3 seater Sofa (Brown),sofa,Amazon Brand - Solimo,BROWN,Contemporary,820,1830,710
B07RR3K7KG,"AmazonBasics - Mobile, 120 x 40 x 85,5 cm, colore marrone",cabinet,AmazonBasics,Marron,Buffet,1200,400,855
B07HNJFGH4,"UMI. Essentials Portable Camping Chair Compact Ultralight Folding Chair with Carry Bag for Hiking, Beach,Fishing,Outdoor Heavy Duty 265 lb Capacity Red",chair,UMI,Red,,,,
B075X33RZL,"Amazon Brand – Stone & Beam Larkin Living Room Accent Swivel Chair, 30""W, Melrose Blue",chair,Stone & Beam,Melrose Blue,Transitional,762,889,838
B07VC3QP7G,AmazonBasics Extra Comfort Executive stoel met hoge rugleuning met opklapbare armen en Lumbar-ondersteuning Uitvoerend High Back BRON,chair,AmazonBasics,BRON,Uitvoerend,724,787,1137
B082VMDZKZ,"Amazon Brand – Rivet Alonzo Contemporary Leather Loveseat Sofa, 64""W, Grey",sofa,Rivet,Grey Leather,Mid-Century Modern,960,1620,900
B07KR86C57,"Lace Swatch, Ravenna Home",sofa,Ravenna Home,Lace,Baldwin,,,
B07P5LMN2C,"Amazon Brand – Rivet Sloane Mid-Century Modern Loveseat with Tufted Back, 64.2""W, Yellow",sofa,Rivet,Yellow,Mid-Century modern,909,1631,841
B07RT5PDJG,"Marca Amazon - Movian Kyyvesi - Estantería redonda para colgar, 60 x 15 cm, negro",shelf,Movian,Black,Round,120,550,550
B07M6PKCM3,"Amazon Brand – Ravenna Home Damask-Pattern Ceramic Garden Stool or Side Table, 16""H, Grey",table,Ravenna Home,Grey,Damask Pattern,330,330,400
B07KRBDWCQ,"Gunmetal Swatch, Ravenna Home",sofa,Ravenna Home,Gunmetal,Raconteur,,,
B086GM9TTD,"AmazonBasics Mid-Back Mesh Chair, with Contoured Mesh Seat for Extra Breathability - Black (Renewed)",chair,AmazonBasics,Black,black,565,565,985
B07B4SCPMY,"Amazon Brand – Stone & Beam Prudence Tufted King Bed, 84""W, Curious Indigo",bed,Stone & Beam,Curious Indigo,beds,2337,2134,1422
B07HSMYNYF,"Stone & Beam Rylee Modern Coffee Table 19.69""H, Mixed Gray",table,Stone & Beam,,Coffee Table,469,469,599
B07M6PKCQQ,"Amazon Brand – Ravenna Home Classic Solid Pine Storage Bench, 45""W, White Wash Finish",bench,Ravenna Home,White,,400,1180,500
B07W918SNZ,"Stone & Beam - Mensola in Metallo Rustico Industriale con 5 Ganci, 33 x 56 x 12,7 cm, Colore: Nero e Legno (Increspato)",shelf,Stone & Beam,Cruz V2 Fresh Foam,,572,146,330
B07QGWQM5D,"Rivet Mid-Century Luxe Velvet Dining Chair, 34.1""H, Set of 2, Dark Green",chair,Rivet,Dark Green,,866,495,594
B07B4MSYPS,"Amazon Brand – Stone & Beam Andover Modern Right L-Sectional Sofa, 124""W, Tan",sofa,Stone & Beam,Tan,,787,2235,1041
B07DB8XGY2,"Amazon Brand – Ravenna Home Raymond Casual Nailhead Trim Sofa, 76""W, Beige",sofa,Ravenna Home,Beige,Transitional,1930,813,908
B00GBUN94W,"Strathwood Griffen All-Weather Garden Furniture - Wicker / Poly Rattan Folding Tray Table, Natural",table,Strathwood,Natural,,600,600,710
B07DBDX5VT,"Amazon Brand – Ravenna Home Amber Rustic Farmhouse Shelf Coffee Table, 44""W, Natural and White",table,Ravenna Home,Rustic White,Modern farm_House,1118,559,457
B07QFB1L2P,"Amazon Brand – Stone & Beam Sumner Modern Filing Cabinet, 21.5""W, White",cabinet,Stone & Beam,White,File Cabinet,508,546,775
B07PBZ9CLJ,"Amazon Brand – Rivet Sloane Mid-Century Modern Armchair with Tapered Legs, 32.7""W, Yellow",ottoman,Rivet,Yellow,Mid-Century modern,909,831,841
B07TTY3FYP,"Iris Ohyama Basic Storage Shelf CX-3, Ripiani 3 Nicchie/3 Scaffali in Legno, Marrone (Rovere Chiaro), 41.5 x 29 x 88 cm",shelf,Iris Ohyama,Marrone (Rovere Chiaro),3 Scomparti,414,290,879
B07K7LZVPT,"Alcove - Hayes Helena - Set of 2 solid wood armchairs with upholstered seat, lacquered beech",chair,Alkove,Natuurlijk,Y,474,460,1027
B07HSLQY2F,"Amazon Brand – Rivet Modern Corner Floating Triangle 5 Shelf Wall Unit Decor - 36 Inch, Natural Wood and Gold",shelf,Rivet,,,,,
B07M7NRPZR,"Amazon Brand – Ravenna Home Chic Vegan Leather Storage Ottoman, 50""W, Black",ottoman,Ravenna Home,Black,,1280,516,559
B07K29PDYS,"Forest Swatch, Rivet",sofa,Rivet,Forest,Velvet,,,
B07DBDZ3WW,"Amazon Brand – Ravenna Home Contemporary Faux Leather Nailhead Wingback Accent Chair, 28.5""W, Black",chair,Ravenna Home,Black,,724,813,1148
B07QBMQ729,"Amazon Brand – Ravenna Home Maplewood Reclining Sofa, 92""W, Leather, Dark Roast",sofa,Ravenna Home,Dark Roast,,2337,991,1041
B07GFS1R7X,"Amazon Brand - Movian Inari 3-door Shoe Cabinet/Cupboard/Organizer, 25 x 75 x 128 cm, Light Brown Oak-Effect",cabinet,Movian,Oak,Shoe Cabinet,750,250,1280
B00EUL2B16,Ashley Furniture Signature Design - Leahlyn Dining Upholstered Side Chair - Pierced Splat Back - Set of 2 - Medium Brown,chair,Signature Design by Ashley,Pierced Splat Back,Contemporary,457,572,965
B00GBVDLMQ,"Strathwood Whidbey Cast-Aluminum Dining Arm Chair, Set of 2",chair,Strathwood by Amazon.com,,,640,660,920
B07B4NVYM9,"Amazon Brand – Rivet Edgewest Low Back Modern Loveseat, 65""W, Rouge Red",sofa,Rivet,Rouge Red,Industrial,1651,838,813
B07BWLJRCD,"Amazon Brand – Stone & Beam Dalton Sofa Couch with Chaise, Sand",sofa,Stone & Beam,Sand,Transitional,1041,2286,762
B073G7DN31,PB5605VLVBR,chair,Stone & Beam,Merlot Velvet,,737,737,864
B075X4YDJT,"Amazon Brand – Rivet Modern Upholstered Cube Ottoman Pouf, 20""W, Gold Leaf",ottoman,Rivet,Gold Leaf,,508,508,432
B07QL9RTFQ,AmazonBasics Low-Back Task Chair with Swivel Casters - Black (Renewed),chair,AmazonBasics,Black,Low-Back Task Chair,489,610,972
B085FH4N3Y,"Amazon Brand – Ravenna Home Classic Swivel Recliner with Storage Ottoman, 35""W, Cream",ottoman,Ravenna Home,Cream,Transitional,880,890,960
B07HZ7PG4D,"Amazon Brand – Stone & Beam Bagley Sectional Component, Left-Facing Loveseat, Fabric, 52""W, Dove",chair,Stone & Beam,Dove,Left Facing Loveseat,914,1067,1372
B07QTK9CXH,"Movian Turia - Mesa de centro,110 x 70 x 73 cm (largo x ancho x alto), blanco y efecto hormigón",table,Movian,Blanco Y Efecto Hormigón,Mesa de centro,1100,700,730
B07DBDQLF2,"Amazon Brand – Ravenna Home Kaiden Patterned Nailhead Accent Chair, 33""W, Blue Moroccan",chair,Ravenna Home,Blue Morrocan,,838,762,762
B072ZMT5SD,"Amazon Brand – Rivet King Street Industrial TV Media Console Table with Three Drawers, Black Metal and Wood, Glass",table,Rivet,Black,,1501,399,399
B082VL7BQ1,"Amazon Brand – Stone & Beam Westview Extra-Deep Down-Filled Leather Accent Chair, 43.3""W, Dark Grey",chair,Stone & Beam,Dark Grey,,1070,1100,800
B07DBHCKJ5,"Amazon Brand – Ravenna Home Ryleigh Rounded Mid-Century Barrel Accent Chair, 27.5""W, Charcoal Grey",chair,Ravenna Home,Charcoal Grey,Transitional,698,711,826
B07BWM2CR9,"Amazon Brand – Rivet Edgewest Low Back Modern Right L-Sectional, 116""W, Charcoal Grey",sofa,Rivet,Charcoal Grey,Industrial,914,2235,711
B07HPJ9V3J,Movian Andre Accent Sofa Turquoise,chair,Movian,Turquoise,Modern,610,1150,840
B07B7DL3GX,"Amazon Brand – Stone & Beam Casual Wood Office Computer Desk, 60""W, Birch",desk,Stone & Beam,Birch,Desk,762,1524,762
B07FGH49CQ,"Amazon Brand – Ravenna Home Rolled Arm Nailhead Accent Chair, 35""W",chair,Right2Home,,,,,
B07KR85FMX,"Light Grey Swatch, Ravenna Home",chair,Ravenna Home,Light Grey,Elba,,,
B075WXMTG4,"Navy Swatch, Stone & Beam",chair,Stone & Beam,Navy,,,,
B07QX2BYDH,"AmazonBasics Gaming Computer Desk with Storage for Controller, Headphone & Speaker - Black",desk,AmazonBasics,Black,Gaming computer desk with storage,595,1295,909
B07HPQFNC9,"Amazon Brand - Alkove Kutina Hand-Crafted Leather Sofa, 3 Seater, 94 x 203 x 87cm, Taupe",sofa,Alkove,Ecru,Modern,2030,940,870
B000HBVNGM,"Strathwood Falkner Dining Arm Chairs, Set of 2",chair,Strathwood by Amazon.com,,,,,
B07H2HGZLK,"Red Hook Meknes Storage Ottoman Bench with Fabric Upholstery - 48 x 17 x 16 Inches, Almond",ottoman,Red Hook,Natural,,432,1219,406
B07J1YW3YT,"AmazonBasics Lift-Top Storage Coffee Table, Natural",table,AmazonBasics,Natural,Transitional,483,1016,457
B07TGC3432,"An Amazon Brand - Movian Arendsee - Set of 2 Dining Chairs, 55 x 55 x 85 cm (L x W x H)",chair,Movian,Hnědá,Set met 2 eetkamerstoelen.,485,550,850
B01N3MBCKT,"Ameriwood Home Carver End Table, Gray/Sonoma Oak",table,Ameriwood Home,Grey,End Table,592,511,511
B07K7NV52J,"Marchio Amazon - Alkove - Hayes - Set da 2 sedie per sala da pranzo in legno massello con seduta imbottita, in faggio",chair,Alkove,Faggio,Moderno,475,570,950
B078JGV5QK,"Pietra & Beam Moderno Rustico Rotondo Ripiani in Legno e Metallo, 61 cm H, Marrone",shelf,Stone & Beam,,,152,610,610
B07L87VDGF,Rivet Polyester Grey Sofa,sofa,Rivet,,,,,
B07KR9C1N8,"Beige Swatch, Ravenna Home",chair,Ravenna Home,Beige,Glencrest,,,
B07B4NW6J9,"Amazon Brand – Stone & Beam Andover Modern Right Chaise Sofa Sectional, 126""W, Charcoal",sofa,Stone & Beam,Charcoal,,787,2235,1041
B072JG3WR5,Urban Living AMZ420100FLAX Linon Living Room Chair,chair,Urban Living,Yellow,,724,1067,298
B07SFXGYPW,"Marchio Amazon - Alkove Elvas - Divano Modulare - Modulo chaise longue con vano contenitore e cuscino extra, 93 x 145 cm, lime",sofa,Alkove,Lime,CHAISE LONGUE (93 x 145),1450,930,330
B07V5CNL8L,AmazonBasics Classic Houten Accent Tafel/Nachtkastje met Lade,table,AmazonBasics,Zwart,,550,325,565
B07R4T5PN8,"Marque Amazon - Movian Keitele- Canapé 3 places, 193 x 79 x 79 cm, Gris foncé",sofa,Movian,Gris Foncé,Moderne,790,1930,790
B07FJW359R,"Artum Hill UP3-884 Olivia Loveseat, Espresso",sofa,Artum Hill,Espresso,,889,1549,813
B082VKTV1P,"Amazon Brand – Stone & Beam Westview Extra-Deep Down-Filled Loveseat Sofa Couch, 75.6""W, Cream",sofa,Stone & Beam,Cream,,1070,1920,800
B07H8SFZR8,"Movian - Lit King size Lahn, 194 x 94 x 221 cm, Blanc alpin Couleur",dresser,Movian,Alpine White,Lit king size,2210,1940,940
B075ZF4S39,"Amazon Brand – Stone & Beam Barrett Reclaimed Wood 4-Shelf Bookcase, 40""W, White and Sandstone Pine",shelf,Stone & Beam,White/Brown,Estante,381,1016,1880
B081HLCCHF,"Amazon Basics – Litera de Metal Resistente, Doble sobre Completo, fácil de Montar con Barra de protección Mejorada de Nivel Superior",bed,Amazon Basics,Negro,Bunk Bed,1422,1499,1968
B085FHBF21,"Amazon Brand – Ravenna Home Contemporary Swivel Glider Recliner Chair, 33.9""W, Smoke Grey",chair,Ravenna Home,Grey,Modern,960,860,960
B002KMI97W,Strathwood Grand Isle 48-Inch Round Dining Table with Umbrella Hole,table,Strathwood by Amazon.com,,,,,
B07JK8GLJB,"Marque Amazon - Movian Vardar - Chaise de salle à manger, gris foncé",chair,Movian,Gris Foncé,Chaise de salle à manger,570,540,780
B086JJQQZ3,"Amazon Brand – Ravenna Home Lamberton Curved-Back Dining Chair, Set of 2, 19.5""W, Beige",chair,Ravenna Home,Beige,Without Nailheads,610,495,902
B07B85FJDF,"Amazon Brand – Stone & Beam Hughes Casual Farmhouse Wood Dining Kitchen Table, 60-80""L, Brown",table,Stone & Beam,Brown,0,991,2032,762
B07D4FS7GY,"Red Hook Leda Rectangular Upholstered Ottoman Bench - 27 x 14.5 x 18.5 Inches, Stone Grey",ottoman,Red Hook,Grey,Modern,366,681,467
B07H8PQFS4,Movian Moselle.,cabinet,Movian,Sonoma Eiche/Alpinweiãÿ,2-door wardrobe,900,900,1960
B07SH7KLP5,"Marca Amazon - Alkove Hayes - Mesa de centro, 110 x 110 x 40 cm, roble salvaje, aceite Natural",table,Alkove,Natural,Moderno,1100,1100,400
B001CZJGAW,Strathwood Falkner Sectional Left Arm Loveseat with Cushions,sofa,Strathwood by Amazon.com,,,,,
B07JW72ZQ8,"Amazon Brand – Rivet Thomas Modern Leather Sofa Couch, 81.5""W, Caramel",sofa,Rivet,Caramel,Modern,1039,2070,681
B085FJW92H,"Ravenna Home Alpine Upholstered High-Leg Recliner Chair, 39""W, Steel Blue",chair,Ravenna Home,Light Blue,Transitional,787,991,1067
B07B4MPXKJ,"Amazon Brand – Stone & Beam Andover Modern Living Room Accent Chair, 38""W, Dark Tan",chair,Stone & Beam,Dark Tan,,965,965,889
B08G1YWN8L,Movian Wendy Dining Chair,chair,Movian,Hellgrau,,570,590,830
B07J2B91QQ,"AmazonBasics Lift-Top Storage Coffee Table, White",table,AmazonBasics,White,Transitional,483,1016,457
B075QFCHM9,"Rivet York Modern Extended Platform Queen Bed, 90.2""L, Grey",bed,Rivet,Orly Silver,,2290,1829,1075
B07VDD5HT4,"Marque Amazon - Movian Ljungan Meuble TV à 2 portes et 1 tiroir de rangement, 165 x 40 x 50 cm, Finition effet noyer",cabinet,Movian,Noyer,Meuble TV,400,1650,500
B07V6BWRF8,AmazonCommercial Fauteuil de bureau ergonomique à haut dossier en cuir Accoudoirs mobiles Soutien lombaire Noir,chair,AmazonBasics,Noir,Professionnel,724,787,448
B07Q3Y23R3,"Amazonbasics Adjustable Foam Floor Sofa, Navy",sofa,AmazonBasics,Navy,,1118,991,178
B087ZFFSZB,AmazonBasics High-Back Bonded Leather Executive Office Computer Desk Chair - Black (Renewed),chair,AmazonBasics,Black,Medium Chair,709,655,1135
B07QCMBCXJ,"Amazon Brand – Rivet Slade Contemporary Living Room Accent Swivel Chair, 27""W, Canary",chair,Rivet,Canary,,640,680,720
B07B4MHTM6,"Amazon Brand – Stone & Beam Brandeberry Farmhouse Charles of London Sofa, 82""W, Stone",sofa,Stone & Beam,Stone,Transitional,2083,1092,991
B07K7K9224,Marca Amazon - Alkove - Hayes - Mesa de centro cuadrada de madera maciza con balda (roble salvaje),table,Alkove,Roble Salvaje,Moderno,900,900,450
B07DBB1NJ1,"Amazon Brand – Ravenna Home Parker Storage End Table, 23.6""W, Glass &amp; Gold",table,Ravenna Home,Glass,,599,599,399
B07KRB8H9Z,"Light Grey Swatch, Ravenna Home",chair,Ravenna Home,Light Grey,Linoso,,,
B0829PFMS1,AmazonCommercial - Silla ejecutiva ergonómica de Piel con Respaldo Alto y Brazos abatibles y Soporte Lumbar (Redonda),chair,AmazonCommercial,Crema,Ejecutivo,724,787,1137
B075YQXQ5C,"Amazon Brand – Stone & Beam Dunbar Modern Wood Buffet, 55""W, Oak",cabinet,Stone & Beam,Buffet,Modern,1397,483,914
B000HBYKWG,Strathwood Naples Sling Swivel Arm Chair,chair,Strathwood by Amazon.com,,,,,
B07227PWVP,AmazonBasics 24-Pocket Over-the-Door Medium-Size Shoe Organizer,shelf,AmazonBasics,,,76,462,1633
B07KRB8CGW,"Brown Swatch, Ravenna Home",chair,Ravenna Home,Brown,Bonita,,,
B07B7BX336,"Amazon Brand – Rivet Boundary Mid-Century Modern Dining Kitchen Wood Bench, 18 Inch Height, Brown",table,Rivet,Brown,,800,1600,762
B07H8VCDYN,Movian Douro Groot opbergelement. Sonoma eiken/alpinewit,table,Movian,,,450,2250,780
B075ZBW1RR,"Amazon Brand – Stone & Beam Larson Industrial Wood and Metal 2-Shelf Bookcase, 39""H, Walnut",shelf,Stone & Beam,Walnut + Metal,"40"" Bookcase",864,356,997
B073GCWSRW,PB96-1LNNPTL,chair,Rivet,Blush,,686,635,813
B07C51891N,Amazon Brand - Solimo Suction Corner Bathroom Rack/Shelf (Set of 3),shelf,Amazon Brand - Solimo,Black,,240,200,70
B07FB6VK2H,Stone & Beam Hazel Collection King Bed with Storage Bed,bed,Stone & Beam,,,,,
B072M1WJC7,"Amazon Brand – Rivet North End Modern Wood Accent Loveseat Sofa Couch, 58.7""W, Grey Weave",sofa,Rivet,Grey Weave,Transitional,960,1491,879
B07VMLF9L1,A Brand of Amazon Movian Lina 2.5-Seater Sofa 82 x 184 x 82 cm (L x W x H),chair,Movian,"Donkerblauw, gelakte beukenhouten poten",Ruststoel,840,820,820
B07J2JGT7Y,"Amazon Brand – Rivet Alonzo Contemporary Leather Sofa Couch, 80""W, Cognac",sofa,Rivet,Cognac,Mid-Century Modern,899,2040,960
B07S6WNZ7Y,"Marca Amazon - AmazonBasics - Mueble de baño, 64.3 x 19.2 x 177 cm (largo x ancho x alto), blanco y efecto hormigón",cabinet,AmazonBasics,Blanco Y Efecto Hormigón,Mueble de baño,192,643,1770
B07WN53W8K,Amazon Brand - Solimo Cosmos Fabric 3 seater Sofa (Blue),sofa,Amazon Brand - Solimo,BLUE,Contemporary,860,2010,840
B07FM83Z21,"Artum Hill BE6-563 Laurel Dresser, 6-Drawer, Modern Gray",dresser,Artum Hill,modern gray,,457,1524,914
B082BLFMRC,"Amazon Brand – Rivet Celine Upholstered Home Office Task Chair, 22.25""W, Beige",chair,Rivet,Beige,Modern,565,667,952
B07VB7QF86,"Amazon Brand - Movian Kyyvesi, End Table, 50 x 50 x 45 cm, Walnut Effect",table,Movian,Ecru,End Table,500,500,500
B072Y5MZQH,"AmazonBasics Classic Leather Office Desk Guest Chair with Metal Frame, Black",chair,AmazonBasics,Black,Guest Chair,599,696,909
B087LRF61D,AmazonBasics – Puf de punto a mano para suelo otomana (renovado),ottoman,AmazonBasics,Gris,,410,410,270
B07TNKZ6MV,"Amazon Brand - Movian Đerdap Round Coffee Table with Solid Wood Legs, 60 x 60 x 40cm, White Top/Light Brown Legs",table,Movian,White,Modern,600,600,400
B07KRBBYVK,"Light Grey Swatch, Ravenna Home",ottoman,Ravenna Home,Light Grey,Raconteur Fog,,,
B07DBGXFVF,"Amazon Brand – Ravenna Home Dunford Casual Rolled Arm Chair, 37""W, Beige",chair,Ravenna Home,Beige,Chair,940,851,908
B07NY2M1PY,Stone & Beam Amazon Brand Genesse Seating Collection,sofa,Stone & Beam,,,,,
B07V3LSNPT,AmazonCommercial - Respaldo Alto ergonómico,chair,AmazonCommercial,Negro,,750,725,1220
B07B4MF6S6,"Amazon Brand – Stone & Beam Andover Modern Loveseat Sofa, 67""W, Grey",sofa,Stone & Beam,Grey,,1702,965,889
B07DC168ZT,UMI Gaming Chair Office Chair Desk Chair with Rocker Function Gamer Chair Fabric Height Adjustable Swivel Chair PC Chair Ergonomic Executive Chair,chair,UMI,White,,681,550,1260
B07WP9CX8V,"Rivet Modern Floating Wall Mounted Shelving Decor - 9 Inch, Natural Wood and Gold (Renewed)",shelf,Rivet,,,,,
B0847F7F4X,"AmazonBasics All Weather Adjustable Outdoor Patio Pool Faux Wicker Chaise Lounge Chairs - 2-Pack, Charcoal Gray (Renewed)",chair,AmazonBasics,Charcoal Gray,,700,2000,870
B07BWJCPPP,"Amazon Brand – Stone & Beam Andover Modern Left Chaise Sofa Sectional, 126""W, Grey",sofa,Stone & Beam,Grey,,1041,2235,787
B07JY29YYP,"Amazon Brand – Stone & Beam Wolcott Swivel Chair, Fabric, 33""W, Latte",chair,Stone & Beam,Latte,Transitional,838,914,838
B084W339RK,"Amazon Brand – Stone & Beam Vivianne Modern Upholstered Dining Chair with Casters, 24.4""W, Slate",chair,Stone & Beam,Slate,With Arms,698,616,927
B0011MXVLQ,"Pinzon Hardwood Lounge Chair with Sand Polyblend Upholstery, Java",chair,Pinzon by Amazon,,,,,
B07BWJCZJX,"Amazon Brand – Stone & Beam Lummi Modern Armless Living Room Accent Chair, 21.6"" W, Denim",chair,Stone & Beam,Denim,Transitional,759,551,831
B073G856FB,"Amazon Brand – Stone & Beam Modern Sweeping Arm Accent Chair, 28""W, Damask Taupe",chair,Stone & Beam,Taupe,,711,737,864
B07B4MN1L2,"Amazon Brand – Stone & Beam Andover Modern Rectangle Ottoman, 32""W, Grey",ottoman,Stone & Beam,Grey,,610,889,711
B07B4W2ZFM,"Amazon Brand – Rivet Fisher Rustic Wood Nightstand, 22"", Reclaimed-Look Wood",bed,Rivet,Reclaimed-look Wood,Nightstand,559,406,610
B001BQAK0C,"Pinzon Jonesport Glasstop Wooden Desk with Hutch, Kona",desk,Pinzon,Kona,Contemporáneo,,,
B07VPNXRF5,"Marque Amazon - Movian Ticino - Canapé 2,5 places, 88 x 210 x 88 cm (longueur x largeur x hauteur), Vert bouteille",sofa,Movian,Vert Bouteille,"Canapé 2,5 places",2100,880,880
B07CSY4XG2,"Rivet Aged Black Swatch, Rivet",chair,Rivet,Aged Black,,,,
B07FKS45HW,Amazon Brand - Solimo Capri Three Seater Fabric Recliner (Mocha),chair,Amazon Brand - Solimo,Mocha,,1050,2120,1100
B07W6LSQSH,"UMI. par Amazon - Etagères Murales Lot de 3 étagères Flottantes avec Structure en Métal,pour Salons Chambres Cuisines Bureau Moderne Maison Décoration",shelf,UMI,,,,,
B07HZ72L2H,"Amazon Brand – Stone & Beam Bagley Sectional Component, Right-Facing Sofa, Fabric, 75""W, Linen",sofa,Stone & Beam,Linen,Right Facing Sofa,914,1067,1956
B07JGY5LPJ,"Amazon Brand - Movian Loue Sliding Door Wardrobe, 183 x 60 x 202cm, White/Light Brown Oak-Effect",cabinet,Movian,"White, Oak Sonoma 2d",Sliding Doors Wardrobe,600,1830,2020
B07W421VGL,"Marque Amazon - Rivet Table d'appoint ronde avec étagère, 43 x 43 cm, Finition céramique/verre",table,Rivet,Grey,table de chevet,430,430,550
B07S5FQRDZ,"Marca Amazon - AmazonBasics - Mueble de baño, 96 x 43,1 x 12cm (largo x ancho x alto), roble y blanco",cabinet,AmazonBasics,Roble Y Blanco,Mueble de baño,192,643,1770
B07HZ4ZQS7,"Amazon Brand – Stone & Beam Bagley Sectional Component, Left-Facing Corner Sofa, Fabric, 90""W, Stone",sofa,Stone & Beam,Stone,Transitional,914,1067,2337
B07VNLBJQ1,"Amazon Brand - Movian Ola - Divano a 3 posti, 88 x 200 x 79 cm (Lu x La x A), colore rame",sofa,Movian,Colore Rame,Divano a seduta singola,2000,880,790
B07JGMW8DL,"Amazon Marke - Movian Lek Schreibtisch, 158 x 76 x 67 cm, Weiß",desk,Movian,Weiãÿ,Schreibtisch,670,1580,760
B07L1CHBK7,Amazon Brand - Solimo Tucana Engineered Wood Queen Bed (Walnut Finish),bed,Amazon Brand - Solimo,Mahogany,Contemporary,1950,1570,790
B07H8PQFMK,Marca Amazon - Movian Atran - Vitrina de 1 puerta (blanco brillante),cabinet,Movian,Blanco Brillante,Armario 1-puerta,400,550,1910
B07HSCRFDN,Stone & Beam Hillsdale 64080 - Mesa Auxiliar,table,Stone & Beam,,,669,669,619
B07QFP4ZRG,"Amazon Brand – Rivet Damien Mid-Century Modern Channel-Backed Sofa, 87""W, Felt Grey",ottoman,Rivet,Felt Grey,,960,2210,820
B07YN9B81V,AmazonBasics BIFMA Certified Gaming/Racing Style Office Chair - with Removable Headrest and High Back Cushion - Red (Renewed),chair,AmazonBasics,Red,,729,550,1285
B07DBGJ3TF,"Amazon Brand – Ravenna Home Jessica Rustic Open Storage Side End Table, 31.5""H, Grey Pine",table,Ravenna Home,Distressed Wood,End Table,701,701,399
B07DB8V5PB,"Amazon Brand – Ravenna Home Barrow Nailhead Storage Ottoman Bench, 35.5""W, Light Grey",ottoman,Ravenna Home,Light Grey,,902,495,425
B07GFW9GFX,Movian Indre Bedroom Furniture,cabinet,Movian,Eiche,Wardrobe,1290,510,1910
B0011MXVMU,"Pinzon Ellington 3 Piece Set Wood Coffee, Java",table,Pinzon by Amazon,Brown,,,,
B075QG3JWL,"Rivet Kyler Mid-Century Upholstered Tufted Queen Bed with Headboard, 66""W, Charcoal",bed,Rivet,Charcoal,,2240,1676,1150
B000W8RYWM,"Strathwood Adjustable Beach and Pool Lounge Chair, Caribbean Blue",chair,Strathwood by Amazon.com,Caribbean Blue,,,,
B07B7DL3H8,"Amazon Brand – Rivet Contemporary Office Desk Chair, 33""-36"", Grey/Chrome",chair,Rivet,Grey/Chrome,,559,584,610
B000HC0E16,Strathwood Falkner 72-Inch Dining Table with Umbrella Hole,table,Strathwood by Amazon.com,Black,,,,
B07KXYG41Q,"Stone & Beam Calhoun - Tela para sofá de Dos plazas, diseño Moderno",sofa,Stone & Beam,,,,,
B07HZ4918H,"Amazon Brand – Stone & Beam Fischer Sleeper Chair, 51""W, Linen Fabric",chair,Stone & Beam,Linen,Chair Sleeper,864,940,1346
B000K6GK0I,"Strathwood Falkner Dining Side Chair, Set of 2",chair,Strathwood by Amazon.com,,,,,
B0725Z2499,"Amazon Brand – Stone & Beam Parson King Wood Bed with Headboard, 80.5""W, Natural",bed,Stone & Beam,Brown,King Bed,2184,2045,1422
B071W5VCTH,"Amazon Brand – Stone & Beam Kristin Round Arm Performance Fabric Loveseat Sofa Couch, 76""W, Sand",sofa,Stone & Beam,Sand,Transitional,1930,940,952
B07B7J5BC2,"Amazon Brand – Stone & Beam Alan Casual Wood Media TV Console Table, 62""W, Washed Navy and Gold",shelf,Stone & Beam,Washed Navy,"62"" Media Console",718,1575,457
B075X4JJL7,"Amazon Brand – Stone & Beam Elmore Pillow-Top Armless Chair, 24""W, Iron",chair,Stone & Beam,Iron,Transitional,610,838,889
B07TC2NYYX,"Ett märke från Amazon – Movian Tisza – kontorsstol/vridstol basic med justerbar sitthöjd 57 x 60 x 95 cm, svart",chair,Movian,svart,,600,570,950
B07SQ9P548,Amazon Brand - Solimo Veronica Engineered Wood Coffee Table (Espresso Finish),table,Amazon Brand - Solimo,Espresso,Contemporary,590,1050,460
B07JGPKS7X,"Marchio Amazon - Movian, credenza modello Lek, 100 x 80 x 40 cm, colore bianco",cabinet,Movian,Bianco,credenza a 2 sportelli e 4 cassetti,400,1000,800
B07B4MD55M,"Amazon Brand – Stone & Beam Edmunds Traditional Leather Recliner, 30""W, Driftwood",chair,Stone & Beam,Driftwood Leather,Modern,1118,838,991
B072PZ4LQ2,"Amazon Brand – Rivet Emerly Modern Living Room Chair, 41""W, Ecru",chair,Rivet,Ecru,,889,1041,864
B07YGC6F4S,"Amazon Brand - Solimo Printed Fabric Hanging Closet Organiser, 3 Shelves, Pink",shelf,Amazon Brand - Solimo,Pink,3 Shelves,300,600,200
B07RHB221M,Amazon Brand - Solimo Bliss Leatherette 1 Seater Sofa (Brown),sofa,Amazon Brand - Solimo,Buff Beige,Contemporary,8450,9000,8000
B082QDKRC5,"Amazon Brand – Rivet Bayard Contemporary Leather Couch with Curved Back and Armrests, 76""W, Cognac",sofa,Rivet,Cognac,Sofa,870,1930,830
B07QBQFBBV,"Stone & Beam Flared-Back Dining Chair, 37""H, Set of 2, Gray",chair,Stone & Beam,Praline,,572,622,927
B07Q3WM678,"Amazonbasics Swivel Compact Adjustable Foam Floor Chair, Blue/White/Grey",chair,AmazonBasics,Blue,Compact chair,419,660,521
B07B4YNHPQ,"Amazon Brand – Stone & Beam Dorffel Bed, King , Gray",bed,Stone & Beam,Gray,,2140,2280,1470
B07RG78QJS,Amazon Brand - Solimo Essential Engineered Wood Coffee Table (Wenge Finish),table,Amazon Brand - Solimo,Brown,,450,930,334
B07M6PKCPV,"Amazon Brand – Ravenna Home Traditional Solid Pine End Table, 23.62""W, Oak Finish",table,Ravenna Home,White,End Table,600,550,550
B00NUS5GXA,AmazonBasics 5-Shelf Shelving Unit on Wheels - Chrome,shelf,AmazonBasics,Chrome,Old model,356,762,1588
B07B4MN2W9,"Amazon Brand – Stone & Beam Andover Modern Rectangle Ottoman, 32""W, Light Blue",ottoman,Stone & Beam,Light Blue,,610,889,711
B07STFRDFK,Amazon Brand - Solimo Kaya Engineered Wood Coffee Table (Espresso Finish),table,Amazon Brand - Solimo,Espresso,Contemporary,700,1100,425
B082VSXML3,"Amazon Brand - Ravenna Home Archer Outdoor Patio Steel Dining Table with Panel Top, 66.14""W, Gray",table,Ravenna Home,Grey,Dining Table,914,1680,735
B07BW8Q16K,"Amazon Brand – Stone & Beam Andover Modern Right U-Sectional Sofa, 134""W, Pewter",sofa,Stone & Beam,Pewter,,1041,2235,787
B07J2R9Y7F,"Amazon Brand – Rivet Willard Contemporary Accent Lounge Chair, 26""W, Slate",chair,Rivet,Slate Velvet,Transitional,864,711,762
B07QPZK6MJ,"Marque Amazon - Movian Ritom - Table de chevet, 35 x 45 x 59 cm (longueur x largeur x hauteur), Blanc brillant",table,Movian,Blanc Brillant,Table de chevet,450,350,590
B086VZ3MYR,"Stone & Beam Alcoff Upholstered Power Recliner Sofa, 87"" W, Blue",chair,Stone & Beam,Blue,Power Reclining Sofa,2210,1016,1067
B07B4GVMDC,"Amazon Brand – Stone & Beam Andover Square Ottoman, 33""W, Charcoal Leather",chair,Stone & Beam,Charcoal,,610,914,914
B071FMSYCH,"Amazon Brand – Rivet Farr Lotus Accent Chair, Felt Grey",chair,Rivet,Felt Grey,Scandinavian,861,1011,861
B07R24CNHK,UMI Essentials Wingback Fireside Recliner Armchair in Check Tartan Fabric Reclining Chair Sofa (Tartan Blue),chair,UMI,,,920,850,1010
B000WSIZC0,Pinzon Dark Wedge Coffee Table,table,Pinzon by Amazon,Dark Wenge,,,,
B071J7Q9WM,"Amazon Brand – Rivet Audrey Modern Ottoman, 39""W, Grey Storm",ottoman,Rivet,Grey Storm,,1001,1001,450
B07GFG6JN7,"Amazon Brand - Movian Aggol Lift-Top Coffee Table with 1-Shelf, 50 x 100 x 44cm, Black/Dark Grey",table,Movian,Black/Grey,Lift-Top Coffee Table With Lower Shelf,1000,500,440
B07SSJDRL4,Amazon Brand - Solimo Brooke Three Seater Fabric Sofa,sofa,Amazon Brand - Solimo,Buff Beige,Contemporary,930,1855,800
B075X4VW2P,"Amazon Brand – Rivet Uptown Mid-Century Velvet Tufted Customizable Daybed Sofa, 78""W, Dove Grey &amp; Black",sofa,Rivet,Dove Grey,Transitional,1981,686,635
B07HZ6HH5Q,"Amazon Brand – Stone & Beam Dalton Ottoman, 23""W, Charcoal",ottoman,Stone & Beam,Charcoal,,457,838,457
B07GFL6RFK,"Marca Amazon - Movian Idro Modern - Escritorio con 4 cajones, 56 x 110 x 73 cm (gris)",desk,Movian,Gris,Escritorio 4-cajones,1100,560,730
B07HZ7K2TZ,"Amazon Brand – Stone & Beam Fischer Sleeper Chair, 51""W, Stone Fabric",chair,Stone & Beam,Stone,Rustic,864,940,1346
B07Y73ZMBB,AmazonBasics Modern Ladder Bookcase with Solid Rubber Wood Frame - White (Renewed),shelf,AmazonBasics,White,Modern,631,356,1780
B07K7MGC5H,"Amazon Brand - Alkove - Hayes - Extending Solid Wood Table, 205 cm, Wild Oak",table,Alkove,Natural,Modern,900,1600,750
B07MBFDS3B,"Amazon Brand – Ravenna Home Traditional Solid Pine End Table, 24""W, Espresso Finish",table,Ravenna Home,Dark Espresso,End Table,600,600,610
B07BTRTC76,"Amazon Brand – Rivet Ian Modern Wood Dining Kitchen Chairs, 33 Inch Height, Set of 2, Grey",chair,Rivet,Gray,,610,546,914
B075X2WN27,"Amazon Brand – Rivet Aiden Tufted Mid-Century Modern Leather Accent Chair, 35.4""W, Cognac",chair,Rivet,Cognac,Mid-Century modern,899,919,770
B07DBFQ4CT,"Ravenna Home Larry Contemporary Tufted Round Ottoman, 33.46""W, Beige",ottoman,Ravenna Home,Beige,,850,850,480
B07DBHC337,"Amazon Brand – Ravenna Home Classic Rolled Arm Nailedhead Faux Leather Accent Chair, 35""W, Brown",chair,Ravenna Home,Brown,Rustic,889,826,876
B002KMI98G,"Strathwood Padre All-Weather Wicker Stackable Chair, Set of 2",chair,Strathwood by Amazon.com,Java/silver,,0,0,0
B07HZ1LZS1,"Amazon Brand – Rivet Emerly Modern Sectional Sofa, 96""W, Emerald",sofa,Rivet,Emerald,,864,1676,1016
B07VMLFZCD,"Marque Amazon - Movian Morat - Canapé 3 places, 90 x 212 x 80 cm (longueur x largeur x hauteur), Marron",sofa,Movian,Marron,Canapé 3 places,2120,900,800
B07PW6XQY8,Amazon Brand - Solimo Spectra Solid Wood Bunk Bed (Wenge Finish),bed,Amazon Brand - Solimo,Black,Traditional,1057,1995,1643
B071P9WJBT,"Amazon Brand – Stone & Beam Parson 6-Drawer Wood Bedroom Dresser, 60""W, Natural",dresser,Stone & Beam,Brown,Dresser,483,1524,889
B07D5M9R47,AmazonBasics Classroom ブロック収納キャビネットキャスター付き、4キュービ,cabinet,Amazonベーシック(AmazonBasics),,,330,610,610
B07B7B8KNR,"Amazon Brand – Stone & Beam Reclaimed Wood Ladder-Rung Counter-Height Dining Table Bar, 36""H x 44""L, Fir",table,Stone & Beam,Brown,,508,1118,914
B07VN7936W,"AmazonBasics - Canapé convertible 3 places, 182 x 80 x 80 cm, Gris foncé",sofa,AmazonBasics,Gris Foncé,Canapé,820,1820,770
B07HXDTNGR,AmazonBasics Estantería de 5 niveles con cesta,shelf,Amazon Basics,,5-Tier Shelf with Basket,285,345,1403
B07KR2KJKB,"Denim Swatch, Ravenna Home",bench,Ravenna Home,Denim,Raconteur,,,
B088HJTY99,AmazonBasics Kids Folding Moon Indoor Papasan Chair for Children - Solid Pink (Renewed),chair,AmazonBasics,Solid Pink,,410,520,480
B07P5LN1YJ,"Amazon Brand – Rivet Andrews Contemporary Chair with Removable Cushions, 40""W, Light Grey",chair,Rivet,Light Grey,,940,1020,920
B07TJV6Q7B,Amazon-märke - KENSINGTON vridlås Modern Bottlegreen Velvet,chair,Movian,Bottlegreen Velvet,Modern,595,575,805
B07B4W31CX,"Amazon Brand – Stone & Beam Industry French Metal Queen Bed with Headboard, 63.5""W, Black",bed,Stone & Beam,Black,,1613,2159,1422
B00GBVDK40,Strathwood Whidbey Cast-Aluminum Round Dining Table,table,Strathwood by Amazon.com,,,1,1219,719
B07SHYN8WK,"Marchio Amazon - Alkove Elvas - Divano Modulare - Modulo poggiapiedi basso, 48 x 93 cm, grigio",sofa,Alkove,Grigio,POGGIAPIEDI (48 x 93),930,480,330
B07CRLHXLL,Stone & Beam Leighton Sofa Stone & Beam,sofa,Stone & Beam,,,,,
B07HZ7HP3W,"Amazon Brand – Stone & Beam Clayton Reclining Contemporary Leather Living-Room Chair, 30""W, Adobe",chair,Stone & Beam,Adobe,,1041,1041,813
B07B4L9P6Y,"Amazon Brand – Stone & Beam Appleton Farmhouse Leather Recliner, 35""W, Charcoal",chair,Stone & Beam,Charcoal,,1118,965,1092
B07B7BJK89,"Amazon Brand – Rivet Boundary Modern Reclaimed Fir Wood Dining Kitchen Table, 66""L, Honey Brown",table,Rivet,Brown,,950,1524,780
B07DBHBCXQ,"Amazon Brand – Ravenna Home Eddison Modern Slope Accent Chair, 32""W, Blue",chair,Ravenna Home,Blue,Transitional,813,762,889
B07J55B89H,Movian Andromeda 2 Seater Grey,chair,Movian,Grey,Modern,900,1840,800
B07DW5LBLG,Ravenna Home Cross Flush Mounted Wooden Coffee Table,table,Ravenna Home,,,,,
B07KRB8CGJ,"Brown Swatch, Ravenna Home",sofa,Ravenna Home,Brown,Wyatt,,,
B07H8SZNZ3,Amazon Brand - Movian Kuban Coffee Table Wellington Oak Effect,table,Movian,Wellington eiken,coffee table,700,1350,450
B07KXP7MT7,Rivet Abel Mid-Century Accent Chair Fabric and Metal,chair,Rivet,,,,,
B01NCOR0VZ,"Amazon Brand - Movian Aggol Lift-Top Coffee Table with 1-Shelf, 50 x 100 x 44cm, White",table,Movian,White,Lift-Top Coffee Table With Lower Shelf,1000,500,440
B07B7MQD5P,"Amazon Brand – Rivet Mid-Century Modern Oblong End/Side/Nesting Tables, Firwood",table,Rivet,Firwood,,559,1190,591
B07K7K7GLP,Alkove - Hayes - Set de 2 sillas de madera maciza con asiento tapizado (haya lacada),chair,Alkove,Natural,X,480,440,913
B07K6N3TNH,"Amazon Brand - Movian Sava 2-Door 1-Drawer Writing Desk, 140 x 55 x 76cm, White",desk,Movian,High Gloss White,Modern,550,1400,760
B0728NW8FP,"Amazon Brand – Rivet Ashworth Armless Velvet Accent Chair, 21.6""W, Navy",chair,Rivet,Navy,Transitional,681,551,820
B07QTKCKVB,"Amazon Brand - Movian Ulla Corner Desk with 5-Storage Compartments with Adjustable Shelves, 94 x 94 x 98.6 cm, White",desk,Movian,White,Corner desk,940,940,986
B071SLGX8T,"Amazon Brand – Stone & Beam Kristin Round Arm Performance Fabric Loveseat Sofa Couch, 76""W, Stone",sofa,Stone & Beam,Stone,Transitional,1930,940,952
B073G8VWJ6,"Amazon Brand – Stone & Beam Benton Square Ottoman, 35""W, Damask Navy",ottoman,Stone & Beam,Navy,,889,889,406
B07CTNLFSF,Rivet 25010045 Nietenmuster Hellblau,sofa,Rivet,Hellblau,,,,
B000HVGJMK,Strathwood Sanibel Cast Aluminum Balcony Table,table,Strathwood by Amazon.com,,,,,
B07FM66MSY,"AmazonBasics Big & Tall Executive, Adjustable, Swivel Office Chair with Armrest, Black Leather",chair,AmazonBasics,Black,Modern,750,790,1155
B07QFRSC43,"Amazon Brand – Rivet Modern High-Back Barstool, Set of 2, 43.5""H, Blue",chair,Rivet,Blue,,527,489,1080
B07HZ7634C,"Amazon Brand – Stone & Beam Blaine Modern Loveseat Sofa, 55.""W, Beige",sofa,Stone & Beam,Beige,Transitional,960,1420,889
B07H8SH3WJ,Marca Amazon - Movian Moselle - Cómoda pequeña (roble Sonoma/blanco alpino),cabinet,Movian,Roble Sonoma/Blanco Alpino,Small Chest Of Drawers,500,1110,780
B07NZX7HQW,"Ravenna Home Classic Plank-Top End Table, 18""W, Black Wood",table,Ravenna Home,Black,,457,610,610
B07B4Y45GY,"Amazon Brand – Stone & Beam Modern Dresser, 60""W, Weathered Oak",dresser,Stone & Beam,Weathered Oak,,1524,432,864
B07VSTTVNX,"Amazon Brand - Movian Rotsee - Sofá de 3 plazas, 92 x 231 x 81 cm (largo x ancho x alto), verde oscuro",sofa,Movian,Verde Oscuro,Sofá de tres plazas,2310,920,810
B01MG6BPC6,"Vida Designs Corona Chest Of Drawers, 4 Drawer, Rustic, Solid Pine Wood.",dresser,Vida Designs,Pine,Antique,410,800,730
B084S12MYC,"Amazon Brand – Stone & Beam Bergen Upholstered Dining Chair with Wood Legs, Set of 2, 20""W, Mint Green",chair,Stone & Beam,Mint Green,Morden,572,508,832
B07SQXH1YJ,"AmazonBasics Metal Twin Loft Bed, Easy Assembly, Silver",bed,AmazonBasics,Silver,loft bed,1283,1968,1416
B016ID34BO,AmazonBasics Office Chair,chair,AmazonBasics,Black,Single,489,610,972
B07MFYTSDF,"Ravenna Home Classic Console End Table with Side Cutouts, 42""W, Merlot Wood",table,Ravenna Home,,,1067,406,762
B073G81Y7K,Urban Living Skyline Lane Collection Lane Collection Living Room Chair Living Room Chair Klein Emerald,chair,Rivet,Emerald,,813,813,889
B07PBZL4SK,"Amazon Brand – Rivet Andrews Contemporary Top-Grain Leather Ottoman, 30""W, Black",ottoman,Rivet,Black,,550,750,450
B07B7DPKRJ,"Amazon Brand – Rivet Mid-Century Modern Wood Media TV Console Coffee Table, 47""D, Walnut &amp; Black",table,Rivet,,Coffee Table,480,1199,480
B082VML3Q3,"Amazon Brand – Rivet Frederick Mid-Century Modern Tufted Leather Living Room Chair, 38""W, Taupe",chair,Rivet,Taupe Leather,Mid-Century Modern,880,970,800
B073P1V6HR,"AmazonBasics - Estantería de cocina, Madera/Cromo",shelf,AmazonBasics,Madera/Cromo,,356,914,1610
B073G947W3,"Amazon Brand – Stone & Beam Modern Sweeping Arm Accent Chair, 28""W, Merlot",chair,Stone & Beam,Merlot,,711,737,864
B07DMFNXY6,"2L Lifestyle Carleton Side Table with Drawer Black Finish, Small",table,2L Lifestyle,Black,,457,406,610
B072PZ4LVN,"Amazon Brand – Rivet Revolve Modern Upholstered Sofa Couch, 80""W, Grey Weave",sofa,Rivet,Grey Weave,Transitional,879,2029,899
B0831YLF39,"Amazon Brand – Stone & Beam Lyon Upholstered Ottoman, 45.5""W, Linen",ottoman,Stone & Beam,Linen,,648,1156,508
B07B4YNHS7,"Amazon Brand – Stone & Beam Tisbury Nailhead Trim Queen Bed, 66""W, Spinnsol Iron",bed,Stone & Beam,Spinnsol Iron,beds,2337,1676,1422
B07R4HFS8K,"AmazonBasics Ergonomischer Chefsessel mit Verstellbarer Sitzfläche und Kopfstütze, Schwarz",chair,AmazonBasics,Schwarz,,670,570,1100
B07HGJKVXL,"AmazonBasics School Activity Table, Ball Glide Legs, Adjustable Height 19-30 inch (Grey/Black) 24""x48"" AMZ-2448TBTP-GY/BK",table,AmazonBasics,Grey top/Black edge,Trapezoid,584,1194,762
B07KR4GYCH,"Beige Swatch, Ravenna Home",chair,Ravenna Home,Beige,Bonded Leather,,,
B07B4N29DG,"Amazon Brand – Rivet Frederick Mid-Century Modern Tufted Velvet Sofa Couch, 77.5""W, Navy Blue",sofa,Rivet,Navy Blue Velvet,Glam,813,2134,864
B07QBQF7TY,"Stone and Beam Chaise de salle à manger 23""H,- marron clair",chair,Rivet,Marron Clair,,876,457,584
B075Z8GZ9X,"Amazon Brand – Stone & Beam Bateman Casual Rustic Wood Bedside Table Nightstand, Brass Hardware, 24 Inch Wide, Brown",table,Stone & Beam,Brown,Nightstand,610,432,610
B07LC8L9V5,Amazon Brand - Solimo Antares Engineered Wood Single Bed (Caramel Mahogany Finish),bed,Amazon Brand - Solimo,Sienna Cherry,Antares,1030,1150,130
B07B7B6PL8,"Stone & Beam Hughes Casual Wood Kitchen Dining Chair, Set of 2, Beige",chair,Stone & Beam,Beige,,483,610,991
B07B4W2FKR,Amazon Brand – Rivet A8910 Dresser,bed,Rivet,,Dresser,1524,457,838
B07JJZ22NB,Amazon-märke - Movian Crow Matsalsstol Maße: 79.5 H x 55.0 L x 59.0 B Bergsblå,chair,Movian,Bergsblå,Matsalsstol,360,360,450
B07HSG8DPR,"Amazon Brand – Stone & Beam Industrial Round Coffee Table, 48""W, Wood & Dark Metal",table,Stone & Beam,,Industrial,1279,1279,129
B07HPKX8SW,"Amazon Brand - Alkove Sofia Hand-Crafted Leather Sofa, 2 Seater Maxi, 90 x 190 x 77cm, Light Grey",sofa,Alkove,Grey,Modern,1900,900,770
B07H8SK66F,"Marca Amazon - Movian Elsa - Mesa de comedor, 180 cm (roble canyon)",table,Movian,Roble Canyon,Mesa de Comedor 180cm,900,1800,790
B07TGC2DT5,"Amazon Brand - Movian Sils - Silla de comedor, 46,5 x 63 x 80 cm, gris",chair,Movian,Gris,Silla de comedor,630,465,800
B085FHVGWV,"Amazon Brand – Ravenna Home Recliner Chair, 37""W, Beige",chair,Ravenna Home,Beige,Classic,900,940,1010
B07JCDQWM6,"Amazon Brand – Rivet Thomas Modern Leather Sofa Couch, 81.5""W, Chestnut",sofa,Rivet,Chestnut,Modern,1039,2070,681
